
-- 캐릭터
insert into character(id, name, is_starter, is_home) values (1,'스타터세포1', true, true);
insert into character(id, name, is_starter, is_home) values (2,'스타터세포2', true, true);
insert into character(id, name, is_starter) values (3,'스타터세포3', true);
insert into character(id, name) values (4,'세포4');
insert into character(id, name) values (5,'세포5');
insert into character(id, name) values (6,'세포6');

--캐릭터 스테이터스 (캐릭터당 6개)
insert into status (code, character_id, image_url, is_status_now) values (1,1,'.', true);
insert into status (code, character_id, image_url) values (2,1,'.');
insert into status (code, character_id, image_url) values (3,1,'.');
insert into status (code, character_id, image_url) values (4,1,'.');
insert into status (code, character_id, image_url) values (5,1,'.');
insert into status (code, character_id, image_url) values (6,1,'.');
insert into status (code, character_id, image_url, is_status_now) values (1,2,'.', true);
insert into status (code, character_id, image_url) values (2,2,'.');
insert into status (code, character_id, image_url) values (3,2,'.');
insert into status (code, character_id, image_url) values (4,2,'.');
insert into status (code, character_id, image_url) values (5,2,'.');
insert into status (code, character_id, image_url) values (6,2,'.');
insert into status (code, character_id, image_url, is_status_now) values (1,3,'.', true);
insert into status (code, character_id, image_url) values (2,3,'.');
insert into status (code, character_id, image_url) values (3,3,'.');
insert into status (code, character_id, image_url) values (4,3,'.');
insert into status (code, character_id, image_url) values (5,3,'.');
insert into status (code, character_id, image_url) values (6,3,'.');
insert into status (code, character_id, image_url, is_status_now) values (1,4,'.', true);
insert into status (code, character_id, image_url) values (2,4,'.');
insert into status (code, character_id, image_url) values (3,4,'.');
insert into status (code, character_id, image_url) values (4,4,'.');
insert into status (code, character_id, image_url) values (5,4,'.');
insert into status (code, character_id, image_url) values (6,4,'.');
insert into status (code, character_id, image_url, is_status_now) values (1,5,'.', true);
insert into status (code, character_id, image_url) values (2,5,'.');
insert into status (code, character_id, image_url) values (3,5,'.');
insert into status (code, character_id, image_url) values (4,5,'.');
insert into status (code, character_id, image_url) values (5,5,'.');
insert into status (code, character_id, image_url) values (6,5,'.');
insert into status (code, character_id, image_url, is_status_now) values (1,6,'.', true);
insert into status (code, character_id, image_url) values (2,6,'.');
insert into status (code, character_id, image_url) values (3,6,'.');
insert into status (code, character_id, image_url) values (4,6,'.');
insert into status (code, character_id, image_url) values (5,6,'.');
insert into status (code, character_id, image_url) values (6,6,'.');

--퀘스쳔

insert into question(character_id, text) VALUES (1, '캐릭1질문1');
insert into question(character_id, text) VALUES (1, '캐릭1질문2');
insert into question(character_id, text) VALUES (1, '캐릭1질문3');
insert into question(character_id, text) VALUES (1, '캐릭1질문4');
insert into question(character_id, text) VALUES (1, '캐릭1질문5');
insert into question(character_id, text) VALUES (1, '캐릭1질문6');
insert into question(character_id, text) VALUES (1, '캐릭1질문7');
insert into question(character_id, text) VALUES (1, '캐릭1질문8');
insert into question(character_id, text) VALUES (1, '캐릭1질문9');
insert into question(character_id, text) VALUES (1, '캐릭1질문10');
insert into question(character_id, text) VALUES (1, '캐릭1질문11');
insert into question(character_id, text) VALUES (1, '캐릭1질문12');
insert into question(character_id, text) VALUES (1, '캐릭1질문13');
insert into question(character_id, text) VALUES (1, '캐릭1질문14');
insert into question(character_id, text) VALUES (1, '캐릭1질문15');
insert into question(character_id, text) VALUES (1, '캐릭1질문16');
insert into question(character_id, text) VALUES (1, '캐릭1질문17');
insert into question(character_id, text) VALUES (1, '캐릭1질문18');
insert into question(character_id, text) VALUES (1, '캐릭1질문19');
insert into question(character_id, text) VALUES (1, '캐릭1질문20');
insert into question(character_id, text) VALUES (1, '캐릭1질문21');
insert into question(character_id, text) VALUES (1, '캐릭1질문22');
insert into question(character_id, text) VALUES (1, '캐릭1질문23');
insert into question(character_id, text) VALUES (1, '캐릭1질문24');
insert into question(character_id, text) VALUES (1, '캐릭1질문25');
insert into question(character_id, text) VALUES (1, '캐릭1질문26');
insert into question(character_id, text) VALUES (1, '캐릭1질문27');
insert into question(character_id, text) VALUES (1, '캐릭1질문28');
insert into question(character_id, text) VALUES (1, '캐릭1질문29');
insert into question(character_id, text) VALUES (1, '캐릭1질문30');

insert into question(character_id, text) VALUES (2, '캐릭2질문1');
insert into question(character_id, text) VALUES (2, '캐릭2질문2');
insert into question(character_id, text) VALUES (2, '캐릭2질문3');
insert into question(character_id, text) VALUES (2, '캐릭2질문4');
insert into question(character_id, text) VALUES (2, '캐릭2질문5');
insert into question(character_id, text) VALUES (2, '캐릭2질문6');
insert into question(character_id, text) VALUES (2, '캐릭2질문7');
insert into question(character_id, text) VALUES (2, '캐릭2질문8');
insert into question(character_id, text) VALUES (2, '캐릭2질문9');
insert into question(character_id, text) VALUES (2, '캐릭2질문10');
insert into question(character_id, text) VALUES (2, '캐릭2질문11');
insert into question(character_id, text) VALUES (2, '캐릭2질문12');
insert into question(character_id, text) VALUES (2, '캐릭2질문13');
insert into question(character_id, text) VALUES (2, '캐릭2질문14');
insert into question(character_id, text) VALUES (2, '캐릭2질문15');
insert into question(character_id, text) VALUES (2, '캐릭2질문16');
insert into question(character_id, text) VALUES (2, '캐릭2질문17');
insert into question(character_id, text) VALUES (2, '캐릭2질문18');
insert into question(character_id, text) VALUES (2, '캐릭2질문19');
insert into question(character_id, text) VALUES (2, '캐릭2질문20');
insert into question(character_id, text) VALUES (2, '캐릭2질문21');
insert into question(character_id, text) VALUES (2, '캐릭2질문22');
insert into question(character_id, text) VALUES (2, '캐릭2질문23');
insert into question(character_id, text) VALUES (2, '캐릭2질문24');
insert into question(character_id, text) VALUES (2, '캐릭2질문25');
insert into question(character_id, text) VALUES (2, '캐릭2질문26');
insert into question(character_id, text) VALUES (2, '캐릭2질문27');
insert into question(character_id, text) VALUES (2, '캐릭2질문28');
insert into question(character_id, text) VALUES (2, '캐릭2질문29');
insert into question(character_id, text) VALUES (2, '캐릭2질문30');

insert into question(character_id, text) VALUES (3, '캐릭3질문1');
insert into question(character_id, text) VALUES (3, '캐릭3질문2');
insert into question(character_id, text) VALUES (3, '캐릭3질문3');
insert into question(character_id, text) VALUES (3, '캐릭3질문4');
insert into question(character_id, text) VALUES (3, '캐릭3질문5');
insert into question(character_id, text) VALUES (3, '캐릭3질문6');
insert into question(character_id, text) VALUES (3, '캐릭3질문7');
insert into question(character_id, text) VALUES (3, '캐릭3질문8');
insert into question(character_id, text) VALUES (3, '캐릭3질문9');
insert into question(character_id, text) VALUES (3, '캐릭3질문10');
insert into question(character_id, text) VALUES (3, '캐릭3질문11');
insert into question(character_id, text) VALUES (3, '캐릭3질문12');
insert into question(character_id, text) VALUES (3, '캐릭3질문13');
insert into question(character_id, text) VALUES (3, '캐릭3질문14');
insert into question(character_id, text) VALUES (3, '캐릭3질문15');
insert into question(character_id, text) VALUES (3, '캐릭3질문16');
insert into question(character_id, text) VALUES (3, '캐릭3질문17');
insert into question(character_id, text) VALUES (3, '캐릭3질문18');
insert into question(character_id, text) VALUES (3, '캐릭3질문19');
insert into question(character_id, text) VALUES (3, '캐릭3질문20');
insert into question(character_id, text) VALUES (3, '캐릭3질문21');
insert into question(character_id, text) VALUES (3, '캐릭3질문22');
insert into question(character_id, text) VALUES (3, '캐릭3질문23');
insert into question(character_id, text) VALUES (3, '캐릭3질문24');
insert into question(character_id, text) VALUES (3, '캐릭3질문25');
insert into question(character_id, text) VALUES (3, '캐릭3질문26');
insert into question(character_id, text) VALUES (3, '캐릭3질문27');
insert into question(character_id, text) VALUES (3, '캐릭3질문28');
insert into question(character_id, text) VALUES (3, '캐릭3질문29');
insert into question(character_id, text) VALUES (3, '캐릭3질문30');

insert into question(character_id, text) VALUES (4, '캐릭4질문1');
insert into question(character_id, text) VALUES (4, '캐릭4질문2');
insert into question(character_id, text) VALUES (4, '캐릭4질문3');
insert into question(character_id, text) VALUES (4, '캐릭4질문4');
insert into question(character_id, text) VALUES (4, '캐릭4질문5');
insert into question(character_id, text) VALUES (4, '캐릭4질문6');
insert into question(character_id, text) VALUES (4, '캐릭4질문7');
insert into question(character_id, text) VALUES (4, '캐릭4질문8');
insert into question(character_id, text) VALUES (4, '캐릭4질문9');
insert into question(character_id, text) VALUES (4, '캐릭4질문10');
insert into question(character_id, text) VALUES (4, '캐릭4질문11');
insert into question(character_id, text) VALUES (4, '캐릭4질문12');
insert into question(character_id, text) VALUES (4, '캐릭4질문13');
insert into question(character_id, text) VALUES (4, '캐릭4질문14');
insert into question(character_id, text) VALUES (4, '캐릭4질문15');
insert into question(character_id, text) VALUES (4, '캐릭4질문16');
insert into question(character_id, text) VALUES (4, '캐릭4질문17');
insert into question(character_id, text) VALUES (4, '캐릭4질문18');
insert into question(character_id, text) VALUES (4, '캐릭4질문19');
insert into question(character_id, text) VALUES (4, '캐릭4질문20');
insert into question(character_id, text) VALUES (4, '캐릭4질문21');
insert into question(character_id, text) VALUES (4, '캐릭4질문22');
insert into question(character_id, text) VALUES (4, '캐릭4질문23');
insert into question(character_id, text) VALUES (4, '캐릭4질문24');
insert into question(character_id, text) VALUES (4, '캐릭4질문25');
insert into question(character_id, text) VALUES (4, '캐릭4질문26');
insert into question(character_id, text) VALUES (4, '캐릭4질문27');
insert into question(character_id, text) VALUES (4, '캐릭4질문28');
insert into question(character_id, text) VALUES (4, '캐릭4질문29');
insert into question(character_id, text) VALUES (4, '캐릭4질문30');

insert into question(character_id, text) VALUES (5, '캐릭5질문1');
insert into question(character_id, text) VALUES (5, '캐릭5질문2');
insert into question(character_id, text) VALUES (5, '캐릭5질문3');
insert into question(character_id, text) VALUES (5, '캐릭5질문4');
insert into question(character_id, text) VALUES (5, '캐릭5질문5');
insert into question(character_id, text) VALUES (5, '캐릭5질문6');
insert into question(character_id, text) VALUES (5, '캐릭5질문7');
insert into question(character_id, text) VALUES (5, '캐릭5질문8');
insert into question(character_id, text) VALUES (5, '캐릭5질문9');
insert into question(character_id, text) VALUES (5, '캐릭5질문10');
insert into question(character_id, text) VALUES (5, '캐릭5질문11');
insert into question(character_id, text) VALUES (5, '캐릭5질문12');
insert into question(character_id, text) VALUES (5, '캐릭5질문13');
insert into question(character_id, text) VALUES (5, '캐릭5질문14');
insert into question(character_id, text) VALUES (5, '캐릭5질문15');
insert into question(character_id, text) VALUES (5, '캐릭5질문16');
insert into question(character_id, text) VALUES (5, '캐릭5질문17');
insert into question(character_id, text) VALUES (5, '캐릭5질문18');
insert into question(character_id, text) VALUES (5, '캐릭5질문19');
insert into question(character_id, text) VALUES (5, '캐릭5질문20');
insert into question(character_id, text) VALUES (5, '캐릭5질문21');
insert into question(character_id, text) VALUES (5, '캐릭5질문22');
insert into question(character_id, text) VALUES (5, '캐릭5질문23');
insert into question(character_id, text) VALUES (5, '캐릭5질문24');
insert into question(character_id, text) VALUES (5, '캐릭5질문25');
insert into question(character_id, text) VALUES (5, '캐릭5질문26');
insert into question(character_id, text) VALUES (5, '캐릭5질문27');
insert into question(character_id, text) VALUES (5, '캐릭5질문28');
insert into question(character_id, text) VALUES (5, '캐릭5질문29');
insert into question(character_id, text) VALUES (5, '캐릭5질문30');

insert into question(character_id, text) VALUES (6, '캐릭6질문1');
insert into question(character_id, text) VALUES (6, '캐릭6질문2');
insert into question(character_id, text) VALUES (6, '캐릭6질문3');
insert into question(character_id, text) VALUES (6, '캐릭6질문4');
insert into question(character_id, text) VALUES (6, '캐릭6질문5');
insert into question(character_id, text) VALUES (6, '캐릭6질문6');
insert into question(character_id, text) VALUES (6, '캐릭6질문7');
insert into question(character_id, text) VALUES (6, '캐릭6질문8');
insert into question(character_id, text) VALUES (6, '캐릭6질문9');
insert into question(character_id, text) VALUES (6, '캐릭6질문10');
insert into question(character_id, text) VALUES (6, '캐릭6질문11');
insert into question(character_id, text) VALUES (6, '캐릭6질문12');
insert into question(character_id, text) VALUES (6, '캐릭6질문13');
insert into question(character_id, text) VALUES (6, '캐릭6질문14');
insert into question(character_id, text) VALUES (6, '캐릭6질문15');
insert into question(character_id, text) VALUES (6, '캐릭6질문16');
insert into question(character_id, text) VALUES (6, '캐릭6질문17');
insert into question(character_id, text) VALUES (6, '캐릭6질문18');
insert into question(character_id, text) VALUES (6, '캐릭6질문19');
insert into question(character_id, text) VALUES (6, '캐릭6질문20');
insert into question(character_id, text) VALUES (6, '캐릭6질문21');
insert into question(character_id, text) VALUES (6, '캐릭6질문22');
insert into question(character_id, text) VALUES (6, '캐릭6질문23');
insert into question(character_id, text) VALUES (6, '캐릭6질문24');
insert into question(character_id, text) VALUES (6, '캐릭6질문25');
insert into question(character_id, text) VALUES (6, '캐릭6질문26');
insert into question(character_id, text) VALUES (6, '캐릭6질문27');
insert into question(character_id, text) VALUES (6, '캐릭6질문28');
insert into question(character_id, text) VALUES (6, '캐릭6질문29');
insert into question(character_id, text) VALUES (6, '캐릭6질문30');